Subject id,Puzzle series no,Index,Correct answer,Given answer,Time
99b0bbca-98bc-43f5-91f0-216c5c912b3d,33,#021,"September, 17","September, 16",364.135977268219
99b0bbca-98bc-43f5-91f0-216c5c912b3d,33,#151,"Curly, green","Pixie, purple",290.9503929615021
99b0bbca-98bc-43f5-91f0-216c5c912b3d,33,#080,"Extra large, hot","Small, hot",157.0505073070526
99b0bbca-98bc-43f5-91f0-216c5c912b3d,33,#090,"On the table, bunny","On the table, bunny",161.1941900253296
99b0bbca-98bc-43f5-91f0-216c5c912b3d,33,,,7,206.78812074661255
99b0bbca-98bc-43f5-91f0-216c5c912b3d,33,#111,"On the table, doll","On the bed, train",62.19917130470276
99b0bbca-98bc-43f5-91f0-216c5c912b3d,33,#063,"Extra small, cold","Small, room temperature",351.5012574195862
99b0bbca-98bc-43f5-91f0-216c5c912b3d,33,#011,"May, 17","May, 17",99.95825719833374
99b0bbca-98bc-43f5-91f0-216c5c912b3d,33,#161,"With bangs, orange","Spiky, orange",95.46806621551514
