Subject id,Puzzle series no,Index,Correct answer,Given answer,Time
b33d3521-54ae-44c8-95d9-e1d1e10b9b05,1,#021,"September, 17",Multiple solutions,193.1568124294281
b33d3521-54ae-44c8-95d9-e1d1e10b9b05,1,#150,"Curly, orange","Straight, pink",171.99169421195984
b33d3521-54ae-44c8-95d9-e1d1e10b9b05,1,#083,"Extra small, iced",No solution,150.1355528831482
b33d3521-54ae-44c8-95d9-e1d1e10b9b05,1,#091,"On the table, cat","On the windowsill, doll",103.29489374160767
b33d3521-54ae-44c8-95d9-e1d1e10b9b05,1,,,34,28.190844297409058
b33d3521-54ae-44c8-95d9-e1d1e10b9b05,1,#061,"Extra large, cold",Multiple solutions,145.03240966796875
b33d3521-54ae-44c8-95d9-e1d1e10b9b05,1,#112,"On the windowsill, train","On the bed, clown",76.59594392776489
b33d3521-54ae-44c8-95d9-e1d1e10b9b05,1,#161,"With bangs, orange","Pixie, pink",133.51998329162598
b33d3521-54ae-44c8-95d9-e1d1e10b9b05,1,#013,"September, 17","September, 16",90.18683505058289
