Subject id,Puzzle series no,Index,Correct answer,Given answer,Time
c79f6643-b3c4-4b72-b62f-b73c3250972a,21,#082,"Extra small, hot",No solution,107.75823187828064
c79f6643-b3c4-4b72-b62f-b73c3250972a,21,#150,"Curly, orange",Multiple solutions,194.91969847679138
c79f6643-b3c4-4b72-b62f-b73c3250972a,21,#090,"On the table, bunny",Multiple solutions,168.97718119621277
c79f6643-b3c4-4b72-b62f-b73c3250972a,21,#023,"May, 17",Multiple solutions,131.8069224357605
c79f6643-b3c4-4b72-b62f-b73c3250972a,21,,,50,32.39768147468567
c79f6643-b3c4-4b72-b62f-b73c3250972a,21,#033,"September, 14",Multiple solutions,141.73841881752014
c79f6643-b3c4-4b72-b62f-b73c3250972a,21,#051,"Extra small, cold",Multiple solutions,73.69261407852173
c79f6643-b3c4-4b72-b62f-b73c3250972a,21,#160,"With bangs, green",Multiple solutions,55.742818117141724
c79f6643-b3c4-4b72-b62f-b73c3250972a,21,#102,"On the table, bunny",Multiple solutions,108.8394284248352
