Subject id,Puzzle series no,Index,Correct answer,Given answer,Time
b2d5c0d5-7873-4952-8914-dd64821c4e29,20,#022,"May, 15",No solution,219.44010615348816
b2d5c0d5-7873-4952-8914-dd64821c4e29,20,#093,"On the windowsill, cat",Multiple solutions,230.55454325675964
b2d5c0d5-7873-4952-8914-dd64821c4e29,20,#151,"Curly, green",I don't know,233.64106583595276
b2d5c0d5-7873-4952-8914-dd64821c4e29,20,#081,"Extra large, iced",Multiple solutions,193.83105492591858
b2d5c0d5-7873-4952-8914-dd64821c4e29,20,,,67,78.15896463394165
b2d5c0d5-7873-4952-8914-dd64821c4e29,20,#071,"Extra small, hot",Multiple solutions,68.39367294311523
b2d5c0d5-7873-4952-8914-dd64821c4e29,20,#013,"September, 17",I don't know,96.12783598899841
b2d5c0d5-7873-4952-8914-dd64821c4e29,20,#122,"On the table, doll",Multiple solutions,100.87096953392029
b2d5c0d5-7873-4952-8914-dd64821c4e29,20,#140,"With bangs, blue",Multiple solutions,24.591328620910645
