Subject id,Puzzle series no,Index,Correct answer,Given answer,Time
47b4b758-854c-4038-9a4d-326ef2e4957c,7,#081,"Extra large, iced","Extra large, iced",485.29373264312744
47b4b758-854c-4038-9a4d-326ef2e4957c,7,#093,"On the windowsill, cat","On the windowsill, cat",409.5476953983307
47b4b758-854c-4038-9a4d-326ef2e4957c,7,#153,"With bangs, green","Pixie, pink",244.58098125457764
47b4b758-854c-4038-9a4d-326ef2e4957c,7,#022,"May, 15",No solution,953.9038405418396
47b4b758-854c-4038-9a4d-326ef2e4957c,7,,,39,68.42941308021545
47b4b758-854c-4038-9a4d-326ef2e4957c,7,#123,"On the table, train","On the table, train",187.7455325126648
47b4b758-854c-4038-9a4d-326ef2e4957c,7,#143,"Curly, pink",Multiple solutions,173.53213143348694
47b4b758-854c-4038-9a4d-326ef2e4957c,7,#032,"September, 18","August, 15",112.62189149856567
47b4b758-854c-4038-9a4d-326ef2e4957c,7,#050,"Extra small, lukewarm",,
