Subject id,Puzzle series no,Index,Correct answer,Given answer,Time
21aa0cfc-b776-4895-a3fb-8d30221c7d14,26,#023,"May, 17","May, 16",424.53446984291077
21aa0cfc-b776-4895-a3fb-8d30221c7d14,26,#153,"With bangs, green",Multiple solutions,149.04035449028015
21aa0cfc-b776-4895-a3fb-8d30221c7d14,26,#092,"On the windowsill, bunny","On the windowsill, bunny",119.56579542160034
21aa0cfc-b776-4895-a3fb-8d30221c7d14,26,#081,"Extra large, iced","Extra large, iced",194.79640674591064
21aa0cfc-b776-4895-a3fb-8d30221c7d14,26,,,44,52.62335252761841
21aa0cfc-b776-4895-a3fb-8d30221c7d14,26,#162,"Curly, green","Curly, green",185.19485569000244
21aa0cfc-b776-4895-a3fb-8d30221c7d14,26,#073,"Extra large, hot","Large, cold",323.78100514411926
21aa0cfc-b776-4895-a3fb-8d30221c7d14,26,#011,"May, 17","May, 17",74.3588194847107
21aa0cfc-b776-4895-a3fb-8d30221c7d14,26,#100,"On the windowsill, bunny","On the windowsill, bunny",327.8446936607361
