Subject id,Puzzle series no,Index,Correct answer,Given answer,Time
84b90b4e-3697-4e16-9213-0dc33dc20aa8,28,#020,"September, 15","September, 15",645.2957437038422
84b90b4e-3697-4e16-9213-0dc33dc20aa8,28,#092,"On the windowsill, bunny","On the windowsill, bunny",302.3163824081421
84b90b4e-3697-4e16-9213-0dc33dc20aa8,28,#150,"Curly, orange","Spiky, blue",492.0947732925415
84b90b4e-3697-4e16-9213-0dc33dc20aa8,28,#083,"Extra small, iced","Extra small, cold",380.96853518486023
84b90b4e-3697-4e16-9213-0dc33dc20aa8,28,,,50,4.608486175537109
84b90b4e-3697-4e16-9213-0dc33dc20aa8,28,#070,"Extra small, iced","Small, hot",196.3953673839569
84b90b4e-3697-4e16-9213-0dc33dc20aa8,28,#012,"September, 15","September, 15",89.88842487335205
84b90b4e-3697-4e16-9213-0dc33dc20aa8,28,#123,"On the table, train","On the table, train",96.8324248790741
84b90b4e-3697-4e16-9213-0dc33dc20aa8,28,#141,"With bangs, pink","Spiky, blue",139.74796795845032
