Subject id,Puzzle series no,Index,Correct answer,Given answer,Time
f9cf5e5a-710b-4775-aa50-52947e5bd4ed,40,#080,"Extra large, hot",No solution,82.51205658912659
f9cf5e5a-710b-4775-aa50-52947e5bd4ed,40,#090,"On the table, bunny","On the table, bunny",125.4521734714508
f9cf5e5a-710b-4775-aa50-52947e5bd4ed,40,#150,"Curly, orange",Multiple solutions,258.0753102302551
f9cf5e5a-710b-4775-aa50-52947e5bd4ed,40,#020,"September, 15",Multiple solutions,594.6816623210907
f9cf5e5a-710b-4775-aa50-52947e5bd4ed,40,,,33,75.23950719833374
f9cf5e5a-710b-4775-aa50-52947e5bd4ed,40,#141,"With bangs, pink",Multiple solutions,171.94831037521362
f9cf5e5a-710b-4775-aa50-52947e5bd4ed,40,#033,"September, 14","July, 14",98.62827396392822
f9cf5e5a-710b-4775-aa50-52947e5bd4ed,40,#051,"Extra small, cold","Extra small, cold",54.046998739242554
f9cf5e5a-710b-4775-aa50-52947e5bd4ed,40,#120,"On the windowsill, doll",No solution,75.07863116264343
