Subject id,Puzzle series no,Index,Correct answer,Given answer,Time
3e7c54c8-ee87-40b8-a094-7b6dd953f38a,39,#151,"Curly, green",I don't know,233.5145034790039
3e7c54c8-ee87-40b8-a094-7b6dd953f38a,39,#022,"May, 15",No solution,138.0100314617157
3e7c54c8-ee87-40b8-a094-7b6dd953f38a,39,#093,"On the windowsill, cat","On the windowsill, cat",82.55715680122375
3e7c54c8-ee87-40b8-a094-7b6dd953f38a,39,#081,"Extra large, iced","Extra large, iced",160.12020754814148
3e7c54c8-ee87-40b8-a094-7b6dd953f38a,39,,,56,141.53958129882812
3e7c54c8-ee87-40b8-a094-7b6dd953f38a,39,#040,"September, 14","September, 14",86.42320084571838
3e7c54c8-ee87-40b8-a094-7b6dd953f38a,39,#133,"With bangs, pink","With bangs, pink",76.55952262878418
3e7c54c8-ee87-40b8-a094-7b6dd953f38a,39,#071,"Extra small, hot","Small, cold",130.90981364250183
3e7c54c8-ee87-40b8-a094-7b6dd953f38a,39,#101,"On the windowsill, cat",I don't know,119.70326399803162
