Subject id,Puzzle series no,Index,Correct answer,Given answer,Time
03313a39-ebe9-4b63-9be1-fd6d2c74847c,18,#080,"Extra large, hot","Extra large, hot",248.29688549041748
03313a39-ebe9-4b63-9be1-fd6d2c74847c,18,#022,"May, 15",Multiple solutions,375.1038603782654
03313a39-ebe9-4b63-9be1-fd6d2c74847c,18,#151,"Curly, green","Spiky, pink",212.718656539917
03313a39-ebe9-4b63-9be1-fd6d2c74847c,18,#091,"On the table, cat","On the table, cat",151.32521772384644
03313a39-ebe9-4b63-9be1-fd6d2c74847c,18,,,40,59.61623406410217
03313a39-ebe9-4b63-9be1-fd6d2c74847c,18,#040,"September, 14","September, 14",212.9579074382782
03313a39-ebe9-4b63-9be1-fd6d2c74847c,18,#110,"On the table, train","On the bed, bunny",458.1942973136902
03313a39-ebe9-4b63-9be1-fd6d2c74847c,18,#051,"Extra small, cold","Extra small, cold",128.40462803840637
03313a39-ebe9-4b63-9be1-fd6d2c74847c,18,#143,"Curly, pink","Curly, pink",169.65358686447144
