Subject id,Puzzle series no,Index,Correct answer,Given answer,Time
78094eb5-51f9-4192-a3a5-8be52861c298,15,#081,"Extra large, iced",Multiple solutions,299.985232591629
78094eb5-51f9-4192-a3a5-8be52861c298,15,#152,"With bangs, orange","Straight, orange",306.09483671188354
78094eb5-51f9-4192-a3a5-8be52861c298,15,#093,"On the windowsill, cat","On the windowsill, cat",166.64573431015015
78094eb5-51f9-4192-a3a5-8be52861c298,15,#020,"September, 15",Multiple solutions,331.196284532547
78094eb5-51f9-4192-a3a5-8be52861c298,15,,,14,106.82423543930054
78094eb5-51f9-4192-a3a5-8be52861c298,15,#033,"September, 14","August, 17",250.31997227668762
78094eb5-51f9-4192-a3a5-8be52861c298,15,#053,"Extra large, cold","Extra large, cold",104.42823696136475
78094eb5-51f9-4192-a3a5-8be52861c298,15,#161,"With bangs, orange","With bangs, orange",129.74293875694275
78094eb5-51f9-4192-a3a5-8be52861c298,15,#102,"On the table, bunny",Multiple solutions,274.0031638145447
