Subject id,Puzzle series no,Index,Correct answer,Given answer,Time
7ea08aed-7747-4ff2-8589-0ff247d3a2c9,35,#021,"September, 17",Multiple solutions,534.277423620224
7ea08aed-7747-4ff2-8589-0ff247d3a2c9,35,#153,"With bangs, green",Multiple solutions,757.6817374229431
7ea08aed-7747-4ff2-8589-0ff247d3a2c9,35,#093,"On the windowsill, cat","On the windowsill, cat",123.12513136863708
7ea08aed-7747-4ff2-8589-0ff247d3a2c9,35,#083,"Extra small, iced","Extra small, iced",293.372118473053
7ea08aed-7747-4ff2-8589-0ff247d3a2c9,35,,,48,143.47095370292664
7ea08aed-7747-4ff2-8589-0ff247d3a2c9,35,#160,"With bangs, green","With bangs, green",137.11762022972107
7ea08aed-7747-4ff2-8589-0ff247d3a2c9,35,#071,"Extra small, hot","Small, cold",349.91897916793823
7ea08aed-7747-4ff2-8589-0ff247d3a2c9,35,#011,"May, 17","May, 17",77.0463137626648
7ea08aed-7747-4ff2-8589-0ff247d3a2c9,35,#103,"On the table, cat",,
