Subject id,Puzzle series no,Index,Correct answer,Given answer,Time
f0625205-3623-4874-9322-6400b0b18e73,32,#153,"With bangs, green",Multiple solutions,598.0270216464996
f0625205-3623-4874-9322-6400b0b18e73,32,#020,"September, 15","September, 15",376.1653485298157
f0625205-3623-4874-9322-6400b0b18e73,32,#083,"Extra small, iced","Extra small, iced",154.13312768936157
f0625205-3623-4874-9322-6400b0b18e73,32,#093,"On the windowsill, cat","On the windowsill, cat",127.03836059570312
f0625205-3623-4874-9322-6400b0b18e73,32,,,40,64.99132442474365
f0625205-3623-4874-9322-6400b0b18e73,32,#060,"Extra large, lukewarm",Multiple solutions,258.34233355522156
f0625205-3623-4874-9322-6400b0b18e73,32,#111,"On the table, doll","On the table, cat",216.19644498825073
f0625205-3623-4874-9322-6400b0b18e73,32,#043,"May, 18","May, 18",140.8513321876526
f0625205-3623-4874-9322-6400b0b18e73,32,#132,"With bangs, blue","With bangs, blue",120.05298566818237
