Subject id,Puzzle series no,Index,Correct answer,Given answer,Time
f834612a-b2cc-4180-8687-c10351d6d19c,48,#081,"Extra large, iced","Large, lukewarm",111.47163701057434
f834612a-b2cc-4180-8687-c10351d6d19c,48,#152,"With bangs, orange","Curly, pink",110.53835153579712
f834612a-b2cc-4180-8687-c10351d6d19c,48,#093,"On the windowsill, cat","On the armchair, bunny",105.22253036499023
f834612a-b2cc-4180-8687-c10351d6d19c,48,#021,"September, 17","September, 17",122.8688452243805
f834612a-b2cc-4180-8687-c10351d6d19c,48,,,7,33.89031767845154
f834612a-b2cc-4180-8687-c10351d6d19c,48,#101,"On the windowsill, cat",I don't know,213.1497392654419
f834612a-b2cc-4180-8687-c10351d6d19c,48,#033,"September, 14","September, 17",158.2805597782135
f834612a-b2cc-4180-8687-c10351d6d19c,48,#051,"Extra small, cold","Extra small, cold",107.33565855026245
f834612a-b2cc-4180-8687-c10351d6d19c,48,#161,"With bangs, orange","Curly, blue",82.51807594299316
