Subject id,Puzzle series no,Index,Correct answer,Given answer,Time
0a228ea2-90e7-4a10-b62d-465cbaa94c42,45,#080,"Extra large, hot","Small, hot",233.43379974365234
0a228ea2-90e7-4a10-b62d-465cbaa94c42,45,#153,"With bangs, green",Multiple solutions,218.26370406150818
0a228ea2-90e7-4a10-b62d-465cbaa94c42,45,#091,"On the table, cat",Multiple solutions,166.24976658821106
0a228ea2-90e7-4a10-b62d-465cbaa94c42,45,#022,"May, 15",Multiple solutions,121.26332831382751
0a228ea2-90e7-4a10-b62d-465cbaa94c42,45,,,65,41.33608412742615
0a228ea2-90e7-4a10-b62d-465cbaa94c42,45,#031,"May, 14",Multiple solutions,92.55960440635681
0a228ea2-90e7-4a10-b62d-465cbaa94c42,45,#101,"On the windowsill, cat","On the table, doll",367.29351019859314
0a228ea2-90e7-4a10-b62d-465cbaa94c42,45,#160,"With bangs, green","Spiky, green",165.47651505470276
0a228ea2-90e7-4a10-b62d-465cbaa94c42,45,#053,"Extra large, cold",Multiple solutions,49.51101350784302
