Subject id,Puzzle series no,Index,Correct answer,Given answer,Time
c8802d14-b876-4a4f-8473-ba34cb854c00,44,#021,"September, 17","September, 17",179.83434438705444
c8802d14-b876-4a4f-8473-ba34cb854c00,44,#150,"Curly, orange","Straight, pink",560.7144460678101
c8802d14-b876-4a4f-8473-ba34cb854c00,44,#093,"On the windowsill, cat","On the windowsill, cat",118.69613265991211
c8802d14-b876-4a4f-8473-ba34cb854c00,44,#083,"Extra small, iced","Extra small, iced",128.1599886417389
c8802d14-b876-4a4f-8473-ba34cb854c00,44,,,39,81.62318062782288
c8802d14-b876-4a4f-8473-ba34cb854c00,44,#163,"Curly, orange","Curly, orange",146.4164481163025
c8802d14-b876-4a4f-8473-ba34cb854c00,44,#072,"Extra large, iced","Regular, cold",371.7904667854309
c8802d14-b876-4a4f-8473-ba34cb854c00,44,#012,"September, 15","September, 15",75.3032066822052
c8802d14-b876-4a4f-8473-ba34cb854c00,44,#100,"On the windowsill, bunny","On the windowsill, bunny",217.99269556999207
