Subject id,Puzzle series no,Index,Correct answer,Given answer,Time
21463ffd-bdd7-4209-947a-7718f87bd099,49,#021,"September, 17","May, 14",195.96023225784302
21463ffd-bdd7-4209-947a-7718f87bd099,49,#093,"On the windowsill, cat","On the windowsill, cat",167.81525564193726
21463ffd-bdd7-4209-947a-7718f87bd099,49,#151,"Curly, green","Spiky, pink",287.3583812713623
21463ffd-bdd7-4209-947a-7718f87bd099,49,#083,"Extra small, iced","Extra small, cold",239.4052379131317
21463ffd-bdd7-4209-947a-7718f87bd099,49,,,25,42.52942228317261
21463ffd-bdd7-4209-947a-7718f87bd099,49,#121,"On the windowsill, train","On the windowsill, train",143.1221809387207
21463ffd-bdd7-4209-947a-7718f87bd099,49,#010,"May, 15","May, 15",111.18788981437683
21463ffd-bdd7-4209-947a-7718f87bd099,49,#070,"Extra small, iced",Multiple solutions,118.42238688468933
21463ffd-bdd7-4209-947a-7718f87bd099,49,#141,"With bangs, pink",Multiple solutions,203.03605365753174
