Subject id,Puzzle series no,Index,Correct answer,Given answer,Time
18b3380f-0660-4488-a529-b75f1adb1adb,46,#150,"Curly, orange",No solution,398.17877554893494
18b3380f-0660-4488-a529-b75f1adb1adb,46,#093,"On the windowsill, cat","On the windowsill, cat",268.75507736206055
18b3380f-0660-4488-a529-b75f1adb1adb,46,#080,"Extra large, hot","Small, hot",229.34572076797485
18b3380f-0660-4488-a529-b75f1adb1adb,46,#022,"May, 15","September, 18",247.6036765575409
18b3380f-0660-4488-a529-b75f1adb1adb,46,,,69,50.22477173805237
18b3380f-0660-4488-a529-b75f1adb1adb,46,#122,"On the table, doll","On the armchair, doll",465.3529646396637
18b3380f-0660-4488-a529-b75f1adb1adb,46,#131,"Curly, pink",No solution,96.84489321708679
18b3380f-0660-4488-a529-b75f1adb1adb,46,#031,"May, 14",No solution,204.16269254684448
18b3380f-0660-4488-a529-b75f1adb1adb,46,#062,"Extra small, lukewarm",No solution,110.17572093009949
