Subject id,Puzzle series no,Index,Correct answer,Given answer,Time
3ac3839b-9b69-4cb0-b13c-f777d6811988,9,#023,"May, 17","May, 17",572.4228446483612
3ac3839b-9b69-4cb0-b13c-f777d6811988,9,#091,"On the table, cat","On the table, cat",414.33639669418335
3ac3839b-9b69-4cb0-b13c-f777d6811988,9,#151,"Curly, green","Curly, pink",737.0196561813354
3ac3839b-9b69-4cb0-b13c-f777d6811988,9,#081,"Extra large, iced","Extra large, iced",211.54885149002075
3ac3839b-9b69-4cb0-b13c-f777d6811988,9,,,15,149.9117772579193
3ac3839b-9b69-4cb0-b13c-f777d6811988,9,#143,"Curly, pink","Curly, pink",210.70151138305664
3ac3839b-9b69-4cb0-b13c-f777d6811988,9,#070,"Extra small, iced","Extra small, lukewarm",267.41869854927063
3ac3839b-9b69-4cb0-b13c-f777d6811988,9,#013,"September, 17","September, 17",74.9265923500061
3ac3839b-9b69-4cb0-b13c-f777d6811988,9,#120,"On the windowsill, doll",,
