Subject id,Puzzle series no,Index,Correct answer,Given answer,Time
d2bb468b-8651-402b-bb49-a40f87eeb58a,13,#021,"September, 17","May, 14",196.5597608089447
d2bb468b-8651-402b-bb49-a40f87eeb58a,13,#153,"With bangs, green","Pixie, orange",435.7013165950775
d2bb468b-8651-402b-bb49-a40f87eeb58a,13,#082,"Extra small, hot","Large, hot",246.39577865600586
d2bb468b-8651-402b-bb49-a40f87eeb58a,13,#092,"On the windowsill, bunny",Multiple solutions,191.52689290046692
d2bb468b-8651-402b-bb49-a40f87eeb58a,13,,,30,39.60771179199219
d2bb468b-8651-402b-bb49-a40f87eeb58a,13,#112,"On the windowsill, train","On the armchair, doll",193.4789469242096
d2bb468b-8651-402b-bb49-a40f87eeb58a,13,#011,"May, 17","May, 17",98.2481939792633
d2bb468b-8651-402b-bb49-a40f87eeb58a,13,#163,"Curly, orange","Curly, orange",299.2708580493927
d2bb468b-8651-402b-bb49-a40f87eeb58a,13,#063,"Extra small, cold","Extra small, room temperature",527.9045944213867
