Subject id,Puzzle series no,Index,Correct answer,Given answer,Time
471df42d-8ebc-4932-bc76-5a21e7fc1488,34,#081,"Extra large, iced","Extra large, iced",329.49787950515747
471df42d-8ebc-4932-bc76-5a21e7fc1488,34,#090,"On the table, bunny","On the table, bunny",160.46880888938904
471df42d-8ebc-4932-bc76-5a21e7fc1488,34,#151,"Curly, green","Spiky, pink",256.0391194820404
471df42d-8ebc-4932-bc76-5a21e7fc1488,34,#022,"May, 15","May, 16",437.99125051498413
471df42d-8ebc-4932-bc76-5a21e7fc1488,34,,,65,41.596964836120605
471df42d-8ebc-4932-bc76-5a21e7fc1488,34,#122,"On the table, doll","On the table, doll",85.3908338546753
471df42d-8ebc-4932-bc76-5a21e7fc1488,34,#053,"Extra large, cold","Extra large, cold",163.6787679195404
471df42d-8ebc-4932-bc76-5a21e7fc1488,34,#032,"September, 18","August, 15",152.94145488739014
471df42d-8ebc-4932-bc76-5a21e7fc1488,34,#141,"With bangs, pink","Spiky, pink",119.28636002540588
