Subject id,Puzzle series no,Index,Correct answer,Given answer,Time
6a581df9-6165-4c4e-b274-e5cc3990367e,41,#080,"Extra large, hot","Small, hot",185.86844682693481
6a581df9-6165-4c4e-b274-e5cc3990367e,41,#151,"Curly, green","Spiky, pink",213.27536725997925
6a581df9-6165-4c4e-b274-e5cc3990367e,41,#093,"On the windowsill, cat",No solution,170.1415195465088
6a581df9-6165-4c4e-b274-e5cc3990367e,41,#023,"May, 17",Multiple solutions,431.38612031936646
6a581df9-6165-4c4e-b274-e5cc3990367e,41,,,46,91.58150362968445
6a581df9-6165-4c4e-b274-e5cc3990367e,41,#033,"September, 14",Multiple solutions,341.8008680343628
6a581df9-6165-4c4e-b274-e5cc3990367e,41,#051,"Extra small, cold","Extra small, cold",245.25222039222717
6a581df9-6165-4c4e-b274-e5cc3990367e,41,#160,"With bangs, green",No solution,171.08654689788818
6a581df9-6165-4c4e-b274-e5cc3990367e,41,#101,"On the windowsill, cat",No solution,242.41210293769836
