Subject id,Puzzle series no,Index,Correct answer,Given answer,Time
80e1166a-ffe7-4e2c-a616-cb22c8b49f97,38,#151,"Curly, green","Spiky, pink",458.17331552505493
80e1166a-ffe7-4e2c-a616-cb22c8b49f97,38,#023,"May, 17","September, 17",113.3510913848877
80e1166a-ffe7-4e2c-a616-cb22c8b49f97,38,#082,"Extra small, hot","Extra large, iced",91.83111047744751
80e1166a-ffe7-4e2c-a616-cb22c8b49f97,38,#092,"On the windowsill, bunny","On the windowsill, bunny",85.30369091033936
80e1166a-ffe7-4e2c-a616-cb22c8b49f97,38,,,12,103.71880531311035
80e1166a-ffe7-4e2c-a616-cb22c8b49f97,38,#111,"On the table, doll","On the floor, bunny",50.59080481529236
80e1166a-ffe7-4e2c-a616-cb22c8b49f97,38,#062,"Extra small, lukewarm","Small, hot",58.62309527397156
80e1166a-ffe7-4e2c-a616-cb22c8b49f97,38,#130,"Curly, blue","Curly, blue",56.6031494140625
80e1166a-ffe7-4e2c-a616-cb22c8b49f97,38,#042,"May, 14","May, 15",52.09697461128235
