Subject id,Puzzle series no,Index,Correct answer,Given answer,Time
8d014bd3-bd01-4121-a5bb-504526b4461c,42,#080,"Extra large, hot","Extra large, hot",241.0278332233429
8d014bd3-bd01-4121-a5bb-504526b4461c,42,#152,"With bangs, orange",Multiple solutions,489.63596391677856
8d014bd3-bd01-4121-a5bb-504526b4461c,42,#093,"On the windowsill, cat","On the windowsill, cat",142.6762821674347
8d014bd3-bd01-4121-a5bb-504526b4461c,42,#022,"May, 15","May, 15",568.0598368644714
8d014bd3-bd01-4121-a5bb-504526b4461c,42,,,25,110.99884176254272
8d014bd3-bd01-4121-a5bb-504526b4461c,42,#103,"On the table, cat","On the floor, clown",159.0866630077362
8d014bd3-bd01-4121-a5bb-504526b4461c,42,#030,"May, 18","July, 17",135.03987765312195
8d014bd3-bd01-4121-a5bb-504526b4461c,42,#053,"Extra large, cold","Extra large, cold",135.64294266700745
8d014bd3-bd01-4121-a5bb-504526b4461c,42,#163,"Curly, orange","Curly, orange",218.86584210395813
