Subject id,Puzzle series no,Index,Correct answer,Given answer,Time
c494590b-db82-4625-b1f9-77c818d1c7d3,11,#083,"Extra small, iced","Large, iced",396.1865622997284
c494590b-db82-4625-b1f9-77c818d1c7d3,11,#022,"May, 15","July, 14",522.6342537403107
c494590b-db82-4625-b1f9-77c818d1c7d3,11,#150,"Curly, orange","Pixie, purple",591.579962015152
c494590b-db82-4625-b1f9-77c818d1c7d3,11,#090,"On the table, bunny","On the table, bunny",157.90111923217773
c494590b-db82-4625-b1f9-77c818d1c7d3,11,,,41,148.6940562725067
c494590b-db82-4625-b1f9-77c818d1c7d3,11,#041,"September, 18","September, 18",149.03243708610535
c494590b-db82-4625-b1f9-77c818d1c7d3,11,#142,"Curly, blue","Curly, blue",168.135315656662
c494590b-db82-4625-b1f9-77c818d1c7d3,11,#110,"On the table, train","On the table, bunny",189.57770776748657
c494590b-db82-4625-b1f9-77c818d1c7d3,11,#052,"Extra large, lukewarm","Extra large, lukewarm",76.72464680671692
