Subject id,Puzzle series no,Index,Correct answer,Given answer,Time
b4c3c5a1-e8d3-4253-bc8d-03baf2599d31,12,#150,"Curly, orange","Spiky, green",877.6831772327423
b4c3c5a1-e8d3-4253-bc8d-03baf2599d31,12,#020,"September, 15","September, 15",331.7399580478668
b4c3c5a1-e8d3-4253-bc8d-03baf2599d31,12,#090,"On the table, bunny","On the table, bunny",166.6787621974945
b4c3c5a1-e8d3-4253-bc8d-03baf2599d31,12,#080,"Extra large, hot","Extra large, hot",165.34286212921143
b4c3c5a1-e8d3-4253-bc8d-03baf2599d31,12,,,23,202.43959712982178
b4c3c5a1-e8d3-4253-bc8d-03baf2599d31,12,#042,"May, 14","May, 14",137.78445267677307
b4c3c5a1-e8d3-4253-bc8d-03baf2599d31,12,#102,"On the table, bunny","On the table, bunny",303.43870067596436
b4c3c5a1-e8d3-4253-bc8d-03baf2599d31,12,#072,"Extra large, iced","Extra large, lukewarm",480.63918232917786
b4c3c5a1-e8d3-4253-bc8d-03baf2599d31,12,#130,"Curly, blue",,
