Subject id,Puzzle series no,Index,Correct answer,Given answer,Time
a12c5539-5e74-4a54-b450-8161d1b9187b,10,#152,"With bangs, orange","Pixie, blue",573.344411611557
a12c5539-5e74-4a54-b450-8161d1b9187b,10,#021,"September, 17","September, 17",639.915687084198
a12c5539-5e74-4a54-b450-8161d1b9187b,10,#091,"On the table, cat","On the table, cat",233.06931567192078
a12c5539-5e74-4a54-b450-8161d1b9187b,10,#083,"Extra small, iced","Extra small, iced",331.1231322288513
a12c5539-5e74-4a54-b450-8161d1b9187b,10,,,70,62.87357425689697
a12c5539-5e74-4a54-b450-8161d1b9187b,10,#073,"Extra large, hot","Large, cold",86.41534900665283
a12c5539-5e74-4a54-b450-8161d1b9187b,10,#132,"With bangs, blue","With bangs, blue",46.4234721660614
a12c5539-5e74-4a54-b450-8161d1b9187b,10,#042,"May, 14","May, 14",98.31242156028748
a12c5539-5e74-4a54-b450-8161d1b9187b,10,#101,"On the windowsill, cat","On the table, cat",125.03101015090942
