Subject id,Puzzle series no,Index,Correct answer,Given answer,Time
bb3c375b-8140-4740-96e4-f7a0ef85e4ef,27,#152,"With bangs, orange","Pixie, green",341.36401104927063
bb3c375b-8140-4740-96e4-f7a0ef85e4ef,27,#090,"On the table, bunny","On the table, bunny",145.5030336380005
bb3c375b-8140-4740-96e4-f7a0ef85e4ef,27,#080,"Extra large, hot","Extra large, hot",183.51589488983154
bb3c375b-8140-4740-96e4-f7a0ef85e4ef,27,#022,"May, 15","May, 15",369.5019030570984
bb3c375b-8140-4740-96e4-f7a0ef85e4ef,27,,,20,58.11004829406738
bb3c375b-8140-4740-96e4-f7a0ef85e4ef,27,#030,"May, 18","June, 15",238.5423972606659
bb3c375b-8140-4740-96e4-f7a0ef85e4ef,27,#131,"Curly, pink","Curly, pink",115.92628502845764
bb3c375b-8140-4740-96e4-f7a0ef85e4ef,27,#120,"On the windowsill, doll","On the windowsill, doll",206.2936737537384
bb3c375b-8140-4740-96e4-f7a0ef85e4ef,27,#061,"Extra large, cold","Extra large, cold",337.30071687698364
