Subject id,Puzzle series no,Index,Correct answer,Given answer,Time
139c15f2-dd11-486e-a01d-5274f320c7fc,24,#023,"May, 17","September, 14",169.5814139842987
139c15f2-dd11-486e-a01d-5274f320c7fc,24,#153,"With bangs, green","Pixie, orange",166.70917296409607
139c15f2-dd11-486e-a01d-5274f320c7fc,24,#091,"On the table, cat","On the table, cat",116.75360155105591
139c15f2-dd11-486e-a01d-5274f320c7fc,24,#080,"Extra large, hot","Extra large, lukewarm",391.72730588912964
139c15f2-dd11-486e-a01d-5274f320c7fc,24,,,33,44.148638010025024
139c15f2-dd11-486e-a01d-5274f320c7fc,24,#103,"On the table, cat",Multiple solutions,588.1643314361572
139c15f2-dd11-486e-a01d-5274f320c7fc,24,#072,"Extra large, iced","Large, hot",193.5831744670868
139c15f2-dd11-486e-a01d-5274f320c7fc,24,#011,"May, 17","May, 17",60.312132120132446
139c15f2-dd11-486e-a01d-5274f320c7fc,24,#160,"With bangs, green","With bangs, blue",288.0560030937195
