Subject id,Puzzle series no,Index,Correct answer,Given answer,Time
8f2170ed-71ae-4bfd-b88b-74c2b5371364,29,#151,"Curly, green",No solution,312.7438008785248
8f2170ed-71ae-4bfd-b88b-74c2b5371364,29,#091,"On the table, cat","On the table, cat",191.47016048431396
8f2170ed-71ae-4bfd-b88b-74c2b5371364,29,#081,"Extra large, iced","Extra large, iced",339.72446036338806
8f2170ed-71ae-4bfd-b88b-74c2b5371364,29,#020,"September, 15","September, 15",395.4157440662384
8f2170ed-71ae-4bfd-b88b-74c2b5371364,29,,,27,50.81023573875427
8f2170ed-71ae-4bfd-b88b-74c2b5371364,29,#122,"On the table, doll","On the table, doll",243.6140763759613
8f2170ed-71ae-4bfd-b88b-74c2b5371364,29,#133,"With bangs, pink","With bangs, pink",188.75382208824158
8f2170ed-71ae-4bfd-b88b-74c2b5371364,29,#030,"May, 18","May, 15",244.80045008659363
8f2170ed-71ae-4bfd-b88b-74c2b5371364,29,#062,"Extra small, lukewarm","Extra small, lukewarm",208.19653344154358
