Subject id,Puzzle series no,Index,Correct answer,Given answer,Time
cd848cce-3388-40c0-97a6-2a2bf3f281b1,43,#081,"Extra large, iced","Extra large, cold",615.3260548114777
cd848cce-3388-40c0-97a6-2a2bf3f281b1,43,#090,"On the table, bunny","On the table, bunny",304.14858984947205
cd848cce-3388-40c0-97a6-2a2bf3f281b1,43,#152,"With bangs, orange","With bangs, blue",499.91327381134033
cd848cce-3388-40c0-97a6-2a2bf3f281b1,43,#021,"September, 17","September, 17",198.02486276626587
cd848cce-3388-40c0-97a6-2a2bf3f281b1,43,,,61,59.71953797340393
cd848cce-3388-40c0-97a6-2a2bf3f281b1,43,#141,"With bangs, pink","With bangs, pink",220.48492288589478
cd848cce-3388-40c0-97a6-2a2bf3f281b1,43,#052,"Extra large, lukewarm","Extra large, lukewarm",105.99933981895447
cd848cce-3388-40c0-97a6-2a2bf3f281b1,43,#030,"May, 18","May, 15",101.90327596664429
cd848cce-3388-40c0-97a6-2a2bf3f281b1,43,#122,"On the table, doll","On the table, bunny",72.08902215957642
