Subject id,Puzzle series no,Index,Correct answer,Given answer,Time
20983d7a-9286-4403-b97a-35469952e594,31,#151,"Curly, green","Spiky, orange",288.20334649086
20983d7a-9286-4403-b97a-35469952e594,31,#092,"On the windowsill, bunny","On the windowsill, bunny",238.70541095733643
20983d7a-9286-4403-b97a-35469952e594,31,#082,"Extra small, hot","Regular, iced",462.91278409957886
20983d7a-9286-4403-b97a-35469952e594,31,#023,"May, 17","July, 18",291.1329758167267
20983d7a-9286-4403-b97a-35469952e594,31,,,75,85.91875076293945
20983d7a-9286-4403-b97a-35469952e594,31,#063,"Extra small, cold","Extra large, hot",430.8457748889923
20983d7a-9286-4403-b97a-35469952e594,31,#032,"September, 18",No solution,173.37314414978027
20983d7a-9286-4403-b97a-35469952e594,31,#130,"Curly, blue","Curly, blue",239.34375929832458
20983d7a-9286-4403-b97a-35469952e594,31,#122,"On the table, doll","On the table, doll",125.92527174949646
