Subject id,Puzzle series no,Index,Correct answer,Given answer,Time
38d9133a-6cd8-4748-a00a-20acc4afc74f,6,#023,"May, 17","May, 17",566.1102216243744
38d9133a-6cd8-4748-a00a-20acc4afc74f,6,#091,"On the table, cat","On the table, cat",147.79008150100708
38d9133a-6cd8-4748-a00a-20acc4afc74f,6,#151,"Curly, green","Curly, green",587.8510475158691
38d9133a-6cd8-4748-a00a-20acc4afc74f,6,#081,"Extra large, iced","Extra large, iced",158.7423813343048
38d9133a-6cd8-4748-a00a-20acc4afc74f,6,,,100,29.526556730270386
38d9133a-6cd8-4748-a00a-20acc4afc74f,6,#071,"Extra small, hot","Regular, lukewarm",315.98055028915405
38d9133a-6cd8-4748-a00a-20acc4afc74f,6,,,"May, 15",41.15968418121338
38d9133a-6cd8-4748-a00a-20acc4afc74f,6,#120,"On the windowsill, doll","On the windowsill, doll",55.74441742897034
38d9133a-6cd8-4748-a00a-20acc4afc74f,6,#143,"Curly, pink","Curly, pink",106.91010546684265
