Subject id,Puzzle series no,Index,Correct answer,Given answer,Time
0702a86a-b28e-4696-8985-c62f54d8eaac,5,#020,"September, 15",No solution,72.14730834960938
0702a86a-b28e-4696-8985-c62f54d8eaac,5,#152,"With bangs, orange",I don't know,71.82341361045837
0702a86a-b28e-4696-8985-c62f54d8eaac,5,#081,"Extra large, iced",I don't know,40.16665244102478
0702a86a-b28e-4696-8985-c62f54d8eaac,5,#090,"On the table, bunny",I don't know,56.01077055931091
0702a86a-b28e-4696-8985-c62f54d8eaac,5,,,72,27.042630434036255
0702a86a-b28e-4696-8985-c62f54d8eaac,5,#111,"On the table, doll",I don't know,19.086848497390747
0702a86a-b28e-4696-8985-c62f54d8eaac,5,#063,"Extra small, cold",I don't know,32.01410508155823
0702a86a-b28e-4696-8985-c62f54d8eaac,5,#011,"May, 17",I don't know,32.703999757766724
0702a86a-b28e-4696-8985-c62f54d8eaac,5,#162,"Curly, green",I don't know,3.012843370437622
